{"projects":[{"id":197,"title":"Quay Systems Consulting","description":"Description of the Project","useAdvancedConsequences":false,"projectCode":"QS","ownersID":[1,2],"managersID":[1,2],"usersID":[],"matrix":{"maxImpact":5,"maxProb":5,"tolString":"1123312234223443345534455555555555555555555555555555555555555555","probVal1":20,"probVal2":40,"probVal3":60,"probVal4":80,"probVal5":100,"probVal6":100,"probVal7":100,"probVal8":100},"inheritParentCategories":true,"inheritParentObjectives":true,"categories":[{"title":"Financial","id":1066,"primCat":true,"parentID":0,"projectID":197,"$$hashKey":"uiGrid-01Z"},{"title":"Regulatory","id":1067,"primCat":true,"parentID":0,"projectID":197,"$$hashKey":"uiGrid-023"},{"title":"Vendor","id":1068,"primCat":true,"parentID":0,"projectID":197,"$$hashKey":"uiGrid-027"},{"title":"Value","id":1069,"primCat":false,"parentID":1068,"projectID":197,"$$hashKey":"uiGrid-02B"},{"title":"Liability","id":1070,"primCat":false,"parentID":1068,"projectID":197,"$$hashKey":"uiGrid-02G"},{"title":"Performance","id":1071,"primCat":false,"parentID":1068,"projectID":197,"$$hashKey":"uiGrid-02L"}],"objectives":[{"title":"Stay out of jail","projectID":197,"id":1040,"parentID":0,"$$treeLevel":0,"$$hashKey":"uiGrid-02Q"},{"title":"Make Money","projectID":197,"id":1041,"parentID":0,"$$treeLevel":0,"$$hashKey":"uiGrid-02V"}],"parent_id":0,"$$treeLevel":0,"projectRiskManager":1}],"risks":[{"title":"First Risk","riskProjectCode":"QS199","description":"Description","cause":"Cause","consequence":"Consequence","owner":1,"manager":1,"inherentProb":5.5,"inherentImpact":5.5,"treatedProb":1.5,"treatedImpact":1.5,"impRep":false,"impSafety":true,"impEnviron":false,"impCost":true,"impTime":true,"impSpec":false,"treatAvoid":false,"treatRetention":true,"treatTransfer":false,"treatMinimise":true,"treated":false,"summaryRisk":false,"useCalContingency":false,"useCalProb":false,"likeType":1,"likeAlpha":1,"likeT":365,"likePostType":1,"likePostAlpha":1,"likePostT":365,"estContingency":0,"start":"2015-06-23T07:03:48.274Z","end":"2015-07-23T07:03:48.274Z","primcat":{"title":"Vendor","id":1068,"primCat":true,"parentID":0,"projectID":197},"seccat":{"title":"Value","id":1069,"primCat":false,"parentID":1068,"projectID":197},"mitigation":{"mitPlanSummary":"Summary of the Mitigation Plan","mitPlanSummaryUpdate":"Update to the Summary of the Mitigation Plan","mitPlan":[]},"response":{"respPlanSummary":"Summary of the Response Plan","respPlanSummaryUpdate":"Update to the Summary of the Mitigation Plan","respPlan":[]},"controls":[],"objectives":{"1040":true,"1041":true},"x":153,"y":17,"x1":17,"y1":153,"treatedTolerance":"1","inherentTolerance":"5","currentProb":5.5,"currentImpact":5.5,"currentTolerance":"5","comments":[],"projectID":197,"attachments":[],"id":199,"audit":{"auditIdent":{"auditComment":"Risk Entered","auditDate":"Jun 23, 2015","auditPerson":1},"auditEval":{"auditComment":"Risk Entered","auditDate":"Jun 23, 2015","auditPerson":1}}}],"incidents":[{"title":"Incident Title","description":"Description of the incident","id":209,"incidentCode":"INCIDENT-209","resolved":true,"identified":false,"evaluated":true,"controls":false,"consequences":true,"causes":false,"reportedby":1,"lessons":"Enter the lessons learnt as a result of this incident","actions":"<p>LIbrary burnt down<\/p>","date":"2015-06-23T07:10:15.351Z","risks":[199]}],"reviews":[{"title":"Monthly Review","description":"Purpose of the Review","scheddate":"2015-06-23T07:05:36.367Z","actualdate":"2015-06-23T07:05:36.367Z","id":203,"reviewCode":"REVIEW-203","responsible":1,"notes":"Enter any general notes about the review","risks":[199],"comments":[],"attachments":[],"riskComments":[{"riskID":199,"comment":"<p>Comment on all the risks<\/p>"}]}]}